Provider,ActualFraud,PredictedFraud_RF,FraudProbability_RF,PredictedFraud_LR,FraudProbability_LR
PRV57101,0,1,0.9366666666666666,1,0.8293236537939538
PRV54756,0,0,0.0033333333333333335,0,0.19227590870789887
PRV53644,0,0,0.03,0,0.08443952201495204
PRV53814,0,0,0.06333333333333334,0,0.20164038904377804
PRV53296,0,0,0.0033333333333333335,0,0.1140821073728125
PRV54250,0,0,0.0033333333333333335,0,0.09800699038593387
PRV52731,0,0,0.005430247383326604,0,0.13229497517765595
PRV53781,1,1,0.94,1,0.9820774183025239
PRV55372,0,0,0.0,0,0.09449393760346995
PRV55785,0,0,0.005430247383326604,0,0.13229497517765595
PRV55205,0,1,0.84,1,0.9530848884276201
PRV52480,0,0,0.0,0,0.266328835173515
PRV54809,0,0,0.01,0,0.1406178033287468
PRV57144,0,0,0.043333333333333335,0,0.32892768218301033
PRV51017,0,0,0.06,0,0.13661285904908324
PRV52904,0,0,0.0,0,0.31397445430490645
PRV54167,0,0,0.0,0,0.10538754418788819
PRV56428,1,1,0.5133333333333333,1,0.8788412880672071
PRV52865,0,0,0.24333333333333335,1,0.5017084103693455
PRV53443,0,0,0.09333333333333334,0,0.1030497943382626
PRV54064,0,1,0.6133333333333333,1,0.7440982459279256
PRV54758,0,0,0.23,0,0.10992152444565756
PRV57014,0,0,0.09875874262912716,0,0.08779401200175864
PRV56601,0,0,0.0,0,0.12733046159620787
PRV51974,0,0,0.005430247383326604,0,0.13229497517765595
PRV54012,0,0,0.005430247383326604,0,0.13229497517765595
PRV52159,0,0,0.43,1,0.5631336933461747
PRV53623,1,0,0.09333333333333334,1,0.9415453451614775
PRV57211,0,0,0.35333333333333333,0,0.3532211433043403
PRV51005,1,0,0.17333333333333334,1,0.9921837666328971
PRV51368,0,0,0.005430247383326604,0,0.13229497517765595
PRV54237,0,0,0.22666666666666666,0,0.23521762519190278
PRV57305,0,1,0.66,1,0.5347755236750275
PRV53110,0,0,0.3233333333333333,0,0.4921095820945372
PRV54713,0,0,0.0033333333333333335,0,0.09779034619660336
PRV53507,0,0,0.05333333333333334,0,0.417686805942846
PRV55530,0,0,0.056666666666666664,0,0.09765360098052855
PRV57758,0,0,0.005430247383326604,0,0.13229497517765595
PRV55663,0,0,0.0,0,0.3184537747043697
PRV54177,0,0,0.0,0,0.11398784828686052
PRV51482,1,1,0.59,1,0.7891958754605954
PRV51810,0,0,0.0,0,0.254453209177436
PRV57130,0,0,0.0,0,0.10778461514400199
PRV55676,1,1,0.9933333333333333,1,0.999957241648826
PRV54589,0,0,0.005430247383326604,0,0.13229497517765595
PRV54802,0,0,0.0,0,0.10658014473721923
PRV53614,0,0,0.0033333333333333335,0,0.11615199655589362
PRV53072,0,0,0.0,0,0.0958722528752391
PRV53846,0,0,0.005430247383326604,0,0.13229497517765595
PRV55156,0,0,0.0,0,0.21530024754264135
PRV57374,0,0,0.0,0,0.09629556779243477
PRV53262,0,0,0.0,0,0.09741431281198536
PRV53710,0,1,0.7633333333333333,1,0.992272380577565
PRV56960,0,0,0.0033333333333333335,0,0.15801983267674388
PRV55798,0,0,0.0,0,0.10778461514400199
PRV56147,0,0,0.12957012884456345,0,0.16529631712568177
PRV56819,0,1,0.7933333333333333,1,0.8337535082940123
PRV57470,0,0,0.0,0,0.1059823658196198
PRV55620,0,0,0.005430247383326604,0,0.13229497517765595
PRV56546,0,0,0.06333333333333334,0,0.28448591143789753
PRV55671,0,0,0.0,0,0.28709820696654925
PRV54848,0,0,0.3566666666666667,1,0.697028943544763
PRV57584,0,0,0.04,0,0.1636252871477217
PRV53534,0,0,0.006666666666666667,0,0.09827919659264155
PRV54830,0,0,0.0,0,0.10538754418788819
PRV54477,0,0,0.0033333333333333335,0,0.10726156122709335
PRV52590,1,1,1.0,1,0.9998951798182368
PRV57487,0,0,0.16333333333333333,0,0.3565359791961712
PRV52937,0,0,0.0,0,0.10420673197175472
PRV52553,0,0,0.36,1,0.506182136440424
PRV57331,0,1,0.52,1,0.5807714462946919
PRV51558,0,0,0.11919880881394047,0,0.25690098436454595
PRV54900,0,0,0.005430247383326604,0,0.13229497517765595
PRV53964,0,0,0.02,0,0.13718501108169223
PRV51605,0,0,0.10666666666666667,0,0.28474853498940017
PRV55418,0,0,0.0,0,0.21530024754264135
PRV51408,0,0,0.005430247383326604,0,0.13229497517765595
PRV53963,0,0,0.02666666666666667,0,0.13861167268845853
PRV54486,0,0,0.005430247383326604,0,0.13229497517765595
PRV54074,1,1,0.8933333333333333,1,0.8179868167830572
PRV57159,0,0,0.01,0,0.12119818546459077
PRV57545,0,0,0.12,1,0.8601327335513919
PRV55850,0,1,0.6166666666666667,1,0.7371699490022701
PRV52225,0,0,0.005430247383326604,0,0.13229497517765595
PRV57231,0,0,0.24666666666666667,0,0.42822423601758547
PRV51965,0,0,0.0,0,0.09462747256134214
PRV52286,0,1,0.6733333333333333,1,0.6850323010238898
PRV52057,0,0,0.39666666666666667,0,0.36303740911162324
PRV55161,0,0,0.0011272815475107634,0,0.4357806550975928
PRV54508,0,0,0.006666666666666667,0,0.09967672286606835
PRV56813,0,0,0.023333333333333334,0,0.10359261014356157
PRV56576,0,0,0.0,0,0.1375956018297791
PRV54110,0,0,0.0,0,0.10188014523743269
PRV51102,0,0,0.07869625458107307,0,0.472968822358824
PRV51041,0,0,0.0,0,0.09551911367574736
PRV51315,0,0,0.0,0,0.10362072094458287
PRV51276,0,1,0.6050280949791553,1,0.5341856978336673
PRV51218,0,0,0.0,0,0.10420673197175472
PRV51640,0,0,0.0,0,0.2376962469920654
PRV57560,0,0,0.005430247383326604,0,0.13229497517765595
PRV54135,0,0,0.005430247383326604,0,0.13229497517765595
PRV54553,0,0,0.0,0,0.10245743783956776
PRV54107,0,0,0.09,0,0.09899897034264604
PRV52414,0,0,0.0033333333333333335,0,0.47509800229249943
PRV51884,0,0,0.14333333333333334,1,0.7978222597928644
PRV56245,0,0,0.006666666666666667,0,0.07105151527634208
PRV52621,0,1,0.78,1,0.5920960260032796
PRV53889,0,0,0.30333333333333334,0,0.32786589995691967
PRV52145,0,0,0.07,0,0.08197052141042631
PRV56992,0,0,0.005430247383326604,0,0.13229497517765595
PRV55854,0,0,0.005430247383326604,0,0.13229497517765595
PRV55631,0,0,0.005430247383326604,0,0.13229497517765595
PRV52795,0,0,0.0,0,0.12733046159620787
PRV52648,1,0,0.08,1,0.9310237367864577
PRV51398,0,0,0.07333333333333333,0,0.10174055209525647
PRV55381,0,0,0.49333333333333335,1,0.6218172173548371
PRV56026,0,0,0.0,0,0.10040244459275104
PRV55357,0,0,0.013333333333333334,0,0.17059990328060393
PRV55133,0,0,0.052229160157923026,0,0.4964733878285695
PRV53935,0,0,0.005430247383326604,0,0.13229497517765595
PRV53246,0,0,0.35,1,0.7099182147177171
PRV55944,0,0,0.3433333333333333,0,0.48470073424220905
PRV51143,0,0,0.05333333333333334,0,0.10599036013645181
PRV53245,1,1,0.5066666666666667,1,0.8566392744055608
PRV55936,0,0,0.005430247383326604,0,0.13229497517765595
PRV56137,0,0,0.0,0,0.1419845878771317
PRV52385,0,0,0.005430247383326604,0,0.13229497517765595
PRV56886,0,0,0.005430247383326604,0,0.13229497517765595
PRV56793,0,0,0.29333333333333333,0,0.3971312793108205
PRV55124,0,0,0.0950195359128769,1,0.6628301304063784
PRV56007,1,1,0.9,1,0.9984958263269187
PRV53688,0,0,0.0,0,0.11398784828686052
PRV55267,0,0,0.03666666666666667,0,0.12345079982764882
PRV53732,0,0,0.005430247383326604,0,0.13229497517765595
PRV53945,0,0,0.0,0,0.09757554673663463
PRV56658,0,0,0.19333333333333333,1,0.6270314328490821
PRV54473,0,0,0.005430247383326604,0,0.13229497517765595
PRV51406,0,0,0.25,1,0.62225516287083
PRV56218,0,0,0.023333333333333334,0,0.22799132617629658
PRV55978,0,1,0.9933333333333333,1,0.999562386889441
PRV52001,0,1,0.6066666666666667,1,0.9877275430449748
PRV52724,0,0,0.005430247383326604,0,0.13229497517765595
PRV57327,0,0,0.005430247383326604,0,0.13229497517765595
PRV52584,0,0,0.21,1,0.5525326447303763
PRV55114,0,0,0.0,0,0.10778461514400199
PRV55073,0,0,0.005430247383326604,0,0.13229497517765595
PRV55656,0,0,0.005430247383326604,0,0.13229497517765595
PRV55154,0,0,0.005430247383326604,0,0.13229497517765595
PRV55558,0,0,0.0,0,0.12049987407951672
PRV56660,0,0,0.005430247383326604,0,0.13229497517765595
PRV54269,0,0,0.0,0,0.10778461514400199
PRV54439,0,0,0.0,0,0.1071808911233734
PRV55096,0,0,0.005430247383326604,0,0.13229497517765595
PRV55120,0,0,0.006666666666666667,0,0.351721611026868
PRV55231,0,0,0.0033333333333333335,0,0.1031335379688274
PRV57473,0,0,0.005430247383326604,0,0.13229497517765595
PRV54359,1,1,0.9466666666666667,1,0.996975455169427
PRV51845,0,1,0.6212827308163946,0,0.49744752923780733
PRV55399,0,0,0.13865363660845936,0,0.49256255469069404
PRV53426,0,0,0.005430247383326604,0,0.13229497517765595
PRV55608,0,0,0.0,0,0.13229228797950812
PRV51390,1,1,0.9566666666666667,1,0.9999965592775589
PRV53428,0,0,0.0,0,0.11398784828686052
PRV55650,0,0,0.005430247383326604,0,0.13229497517765595
PRV51709,0,0,0.0,0,0.17549563344411695
PRV54562,0,0,0.006666666666666667,0,0.10391385767654712
PRV51675,0,0,0.005430247383326604,0,0.13229497517765595
PRV53149,0,0,0.0033333333333333335,0,0.07160331304761286
PRV56181,0,0,0.005430247383326604,0,0.13229497517765595
PRV51961,0,0,0.0033333333333333335,0,0.09561909649691341
PRV53802,0,1,0.6266666666666667,1,0.9633622664621151
PRV54361,1,0,0.49,1,0.5048883299958536
PRV53716,0,0,0.0,0,0.10084206923865083
PRV52719,0,0,0.01,0,0.12575262856203312
PRV56412,0,0,0.36333333333333334,0,0.3767810377756441
PRV55070,0,0,0.0,0,0.09551911367574736
PRV51799,0,0,0.0,0,0.1112300255234918
PRV56142,0,0,0.0,0,0.10188014523743269
PRV55735,0,0,0.0033333333333333335,0,0.09581799328929935
PRV51196,0,0,0.14666666666666667,1,0.5329728036891614
PRV57415,0,0,0.1,0,0.0920994920123182
PRV56699,0,0,0.005430247383326604,0,0.13229497517765595
PRV51734,0,0,0.0,0,0.10658014473721923
PRV56190,0,0,0.005430247383326604,0,0.13229497517765595
PRV52156,0,1,0.5866666666666667,1,0.7566165687116522
PRV56637,0,0,0.0,0,0.10194764006852378
PRV51358,0,0,0.3433333333333333,0,0.3820916154886296
PRV52826,1,0,0.12333333333333334,0,0.21191933249559194
PRV55581,0,0,0.005430247383326604,0,0.13229497517765595
PRV56710,0,0,0.12666666666666668,0,0.3969358611618508
PRV53703,0,0,0.0,0,0.09800556715579699
PRV56742,0,0,0.37333333333333335,1,0.5337895282897027
PRV52166,0,0,0.21333333333333335,0,0.30014655185765626
PRV53806,0,0,0.01,0,0.08362805981185299
PRV55111,0,0,0.0,0,0.10659801828983012
PRV57660,0,0,0.0,0,0.1030376263191437
PRV56199,0,0,0.005430247383326604,0,0.13229497517765595
PRV56772,0,0,0.39,0,0.4105370692997085
PRV56331,0,0,0.005430247383326604,0,0.13229497517765595
PRV55408,0,0,0.005430247383326604,0,0.13229497517765595
PRV57390,0,0,0.0,0,0.09757554673663463
PRV52249,0,0,0.0,0,0.10018109132278119
PRV52921,0,0,0.0,0,0.19440376340272342
PRV53506,0,0,0.005430247383326604,0,0.13229497517765595
PRV57417,0,0,0.005430247383326604,0,0.13229497517765595
PRV52912,0,0,0.0,0,0.4018278175540577
PRV54978,0,0,0.3333333333333333,0,0.21230736050530097
PRV55816,0,0,0.0,0,0.21530024754264135
PRV53920,0,0,0.07666666666666666,0,0.28001352512477984
PRV57504,0,0,0.0,0,0.11050932718484548
PRV57335,1,0,0.49,1,0.9146384872610868
PRV57667,1,0,0.023333333333333334,0,0.2608698539080844
PRV52570,0,0,0.10666666666666667,0,0.4989800902197511
PRV55078,0,0,0.005430247383326604,0,0.13229497517765595
PRV52335,0,0,0.4033333333333333,1,0.6961977998012725
PRV52255,0,0,0.0,0,0.10778461514400199
PRV52747,0,0,0.0,0,0.1112300255234918
PRV55443,0,1,0.7266666666666667,1,0.8745242400920402
PRV55879,0,0,0.005430247383326604,0,0.13229497517765595
PRV57548,1,1,1.0,1,0.9999551392089382
PRV57109,0,0,0.2483310676092079,0,0.26925596465751167
PRV57581,0,0,0.005430247383326604,0,0.13229497517765595
PRV56304,0,0,0.0,0,0.10362072094458287
PRV52069,0,0,0.03,0,0.09882030759028977
PRV54345,0,0,0.02666666666666667,0,0.0902026565211197
PRV52071,0,0,0.25666666666666665,0,0.13685635628583204
PRV54638,0,0,0.33,1,0.614714638049497
PRV52331,0,0,0.39554829339143066,0,0.2667461217238121
PRV57048,0,0,0.0,0,0.0969336713409291
PRV55178,0,0,0.0,0,0.17521632377353583
PRV54075,1,1,0.97,1,0.999792502493165
PRV53842,0,0,0.005430247383326604,0,0.13229497517765595
PRV55447,0,0,0.0033333333333333335,0,0.09632597825970353
PRV56965,0,0,0.005430247383326604,0,0.13229497517765595
PRV57266,0,0,0.13,0,0.10305307709698219
PRV53787,1,1,0.5933333333333334,1,0.739173646346684
PRV56888,0,0,0.006666666666666667,0,0.18123831571873658
PRV57056,0,0,0.0,0,0.10245743783956776
PRV55574,0,0,0.005430247383326604,0,0.13229497517765595
PRV52598,0,0,0.0,0,0.10245743783956776
PRV57216,0,0,0.04666666666666667,0,0.3607906458609074
PRV55580,0,0,0.01,0,0.14216742495707527
PRV52289,0,0,0.0016526191770889977,0,0.21396232934403975
PRV57479,0,0,0.005430247383326604,0,0.13229497517765595
PRV51929,0,0,0.2733333333333333,0,0.3076966567800023
PRV52308,1,1,0.6966666666666667,1,0.9350399344378343
PRV53484,0,0,0.016666666666666666,0,0.09727176917097315
PRV53064,0,0,0.000642070642070642,0,0.09471829394231628
PRV54860,0,0,0.005430247383326604,0,0.13229497517765595
PRV53399,1,0,0.36,0,0.38438754601390496
PRV53513,0,0,0.0022450635650527453,0,0.4329221029126836
PRV56726,0,0,0.016666666666666666,0,0.14452467023320054
PRV55026,0,0,0.03333333333333333,0,0.1595483701103076
PRV54794,0,0,0.005430247383326604,0,0.13229497517765595
PRV53336,0,0,0.005230784187739334,0,0.3728924215722172
PRV53672,0,0,0.04,0,0.14256229488338024
PRV56915,0,0,0.0,0,0.1869703398080729
PRV53676,0,0,0.03333333333333333,0,0.08491703020021892
PRV56839,0,0,0.005430247383326604,0,0.13229497517765595
PRV53304,0,0,0.0033333333333333335,0,0.09779034619660336
PRV56920,0,0,0.0,0,0.10658014473721923
PRV52022,0,0,0.0,0,0.09911973930746726
PRV55285,0,0,0.0,0,0.1030376263191437
PRV56782,0,0,0.18666666666666668,0,0.4960307794224461
PRV51601,0,0,0.0,0,0.10188014523743269
PRV51342,0,0,0.29,1,0.7888313018141929
PRV54681,0,0,0.13,0,0.11232407313612476
PRV55262,0,0,0.38333333333333336,1,0.8134218402401694
PRV53590,0,0,0.013333333333333334,1,0.5591310799855905
PRV51856,0,0,0.0,0,0.09537223034438991
PRV57634,0,0,0.01,0,0.365122713252567
PRV55030,1,1,0.94,1,0.9988668563525003
PRV52251,0,0,0.0,0,0.10245743783956776
PRV53670,1,1,0.54,0,0.49300430382275073
PRV51748,0,0,0.0,0,0.09800556715579699
PRV54148,0,0,0.0,0,0.1071808911233734
PRV52373,0,0,0.02,0,0.20657811163469064
PRV53471,0,0,0.0,0,0.1344890359076506
PRV56677,0,0,0.005430247383326604,0,0.13229497517765595
PRV53646,0,0,0.005430247383326604,0,0.13229497517765595
PRV57552,0,0,0.005430247383326604,0,0.13229497517765595
PRV53960,0,0,0.2866666666666667,0,0.4576825625855978
PRV56511,0,0,0.0033333333333333335,0,0.09181776296252386
PRV54330,0,1,0.6066666666666667,1,0.8298011711445401
PRV52219,0,0,0.005430247383326604,0,0.13229497517765595
PRV51947,0,0,0.05333333333333334,1,0.6650282613645008
PRV55835,1,1,0.5833333333333334,1,0.8162757132804389
PRV53387,0,0,0.01055795134675232,1,0.5913723724232703
PRV55661,0,0,0.18333333333333332,1,0.6574584751857394
PRV57676,0,0,0.0,0,0.10362072094458287
PRV57038,0,0,0.016666666666666666,0,0.09639032714962364
PRV51431,0,1,0.8466666666666667,1,0.8581509381590279
PRV53788,0,0,0.0,0,0.11398784828686052
PRV51204,0,0,0.03666666666666667,0,0.12629389494924473
PRV54448,0,0,0.005430247383326604,0,0.13229497517765595
PRV51544,0,1,0.57,1,0.9142496327330534
PRV54834,0,0,0.0,0,0.18970349246316112
PRV55044,0,0,0.005430247383326604,0,0.13229497517765595
PRV56512,0,0,0.005430247383326604,0,0.13229497517765595
PRV57302,0,0,0.0,0,0.24272014380192675
PRV54841,0,0,0.241138562791973,1,0.5479274388829994
PRV56614,0,0,0.2733333333333333,1,0.5444742136033606
PRV56591,1,0,0.36,1,0.6568991855418304
PRV51200,0,0,0.0,0,0.10245743783956776
PRV53815,0,0,0.006666666666666667,0,0.10044514244795222
PRV55446,0,0,0.01112363294858978,0,0.09554385979603813
PRV51215,0,0,0.005430247383326604,0,0.13229497517765595
PRV53818,0,0,0.005430247383326604,0,0.13229497517765595
PRV54902,0,0,0.0,0,0.1071808911233734
PRV57623,0,0,0.005430247383326604,0,0.13229497517765595
PRV54708,0,0,0.0,0,0.10538754418788819
PRV55479,0,0,0.16,1,0.5614966278716533
PRV53479,0,0,0.005430247383326604,0,0.13229497517765595
PRV56792,0,0,0.0,0,0.10245743783956776
PRV51181,0,0,0.0,0,0.10362072094458287
PRV57657,0,0,0.0,0,0.07967027223000728
PRV53599,0,0,0.0,0,0.266328835173515
PRV51083,0,0,0.01,0,0.09406735543763656
PRV54011,0,0,0.005430247383326604,0,0.13229497517765595
PRV55023,0,1,0.9,1,0.876591523271037
PRV53347,0,0,0.005430247383326604,0,0.13229497517765595
PRV52850,0,0,0.0033333333333333335,0,0.16069053479540815
PRV56451,0,0,0.25666666666666665,0,0.2494583772328316
PRV56914,0,0,0.056666666666666664,0,0.4589298488537984
PRV51171,0,0,0.06,0,0.09340750454511772
PRV53168,0,0,0.005430247383326604,0,0.13229497517765595
PRV55548,0,0,0.35333333333333333,0,0.1748109254628418
PRV55562,0,0,0.005430247383326604,0,0.13229497517765595
PRV51720,0,0,0.0,0,0.10188014523743269
PRV55292,0,0,0.005430247383326604,0,0.13229497517765595
PRV57316,0,1,0.8466666666666667,1,0.9259513690781346
PRV56275,0,0,0.0,0,0.1000565585215838
PRV52211,0,0,0.0033333333333333335,0,0.09716802678083497
PRV54743,1,0,0.14333333333333334,0,0.2554599306951112
PRV52733,0,0,0.005430247383326604,0,0.13229497517765595
PRV51864,0,1,0.61,1,0.5275725213051431
PRV55058,0,0,0.006666666666666667,0,0.199573311438138
PRV51951,1,1,0.76,1,0.9795742975506295
PRV55314,0,0,0.0,0,0.09522106816043821
PRV57532,0,0,0.14666666666666667,0,0.4355450350664679
PRV51243,0,0,0.005430247383326604,0,0.13229497517765595
PRV52028,0,0,0.006666666666666667,1,0.7428769241828792
PRV52076,0,1,0.5733333333333334,1,0.9747228047332859
PRV54869,0,0,0.005430247383326604,0,0.13229497517765595
PRV51271,0,0,0.014016234021233235,0,0.16457977583175373
PRV56502,0,0,0.0,0,0.09971124473419368
PRV56764,0,1,0.55,0,0.3887534329515653
PRV55862,0,0,0.005430247383326604,0,0.13229497517765595
PRV55250,1,1,0.8266666666666667,1,0.9035502486401982
PRV51201,0,0,0.02,0,0.10239105865628284
PRV57485,0,0,0.0,0,0.11398784828686052
PRV55633,0,0,0.22,0,0.29380936156092874
PRV55331,0,0,0.0,0,0.10790166267904451
PRV56647,1,1,0.9933333333333333,1,0.9999632470658183
PRV54670,0,0,0.0033333333333333335,0,0.11856246896404433
PRV51126,1,0,0.30333333333333334,1,0.7176931425554717
PRV51707,0,0,0.01,0,0.09443034488426646
PRV52878,0,0,0.0,0,0.09714720991005181
PRV51290,0,0,0.0,0,0.09857586371560122
PRV52161,0,0,0.0,0,0.10479566964328985
PRV51566,0,0,0.13,0,0.4349294413667172
PRV56537,0,0,0.06,0,0.16343595452413012
PRV57282,1,0,0.0033333333333333335,0,0.09494619542399191
PRV53604,0,0,0.006666666666666667,0,0.34317377705694446
PRV51054,0,0,0.0,0,0.09822121021511303
PRV52309,0,0,0.0,0,0.10169160627879836
PRV53354,0,0,0.0,0,0.0969336713409291
PRV57563,0,0,0.005430247383326604,0,0.13229497517765595
PRV54963,0,0,0.0,0,0.10538754418788819
PRV57477,0,0,0.0,0,0.14982557770665064
PRV54672,0,0,0.005430247383326604,0,0.13229497517765595
PRV52340,1,1,0.9533333333333334,1,0.9999999999999312
PRV51732,0,0,0.0,0,0.1059823658196198
PRV55662,0,0,0.21666666666666667,1,0.6405241980358776
PRV54919,0,0,0.30666666666666664,0,0.33837915263839513
PRV52484,0,0,0.0,0,0.1004009883964421
PRV53206,0,0,0.005430247383326604,0,0.13229497517765595
PRV56753,0,0,0.32666666666666666,0,0.3912898543106921
PRV55506,1,0,0.01,0,0.39402605670883434
PRV57210,1,1,0.5033333333333333,1,0.5346746164368339
PRV55811,0,0,0.0,1,0.6360805895248124
PRV54620,0,0,0.37333333333333335,0,0.4667534344715191
PRV51029,0,0,0.07333333333333333,0,0.1041392531345658
PRV53824,0,0,0.07666666666666666,0,0.12181580158287535
PRV51994,0,0,0.0033333333333333335,0,0.1029081446853887
PRV53532,0,0,0.005430247383326604,0,0.13229497517765595
PRV57720,0,0,0.005430247383326604,0,0.13229497517765595
PRV53048,0,0,0.0,0,0.1030376263191437
PRV51341,0,0,0.0,0,0.1030376263191437
PRV51262,0,0,0.0033333333333333335,0,0.09704929421533917
PRV56802,0,1,0.7817101643323935,1,0.6218021206522761
PRV52825,0,0,0.0,0,0.11050932718484548
PRV54362,0,0,0.005430247383326604,0,0.13229497517765595
PRV52417,0,0,0.005430247383326604,0,0.13229497517765595
PRV51229,0,0,0.0,0,0.10214522340176468
PRV55243,0,0,0.0033333333333333335,0,0.10071096938002849
PRV51578,1,1,0.9733333333333334,1,0.9994479247972483
PRV56384,0,0,0.11,0,0.28799599489387573
PRV51793,0,0,0.005430247383326604,0,0.13229497517765595
PRV55411,0,0,0.27,0,0.08267598096108707
PRV53767,0,0,0.03666666666666667,0,0.12196325803715329
PRV54521,0,0,0.016666666666666666,0,0.09812916420224978
PRV52573,0,0,0.08,0,0.1635193006965247
PRV53539,0,0,0.005430247383326604,0,0.13229497517765595
PRV54827,0,0,0.005430247383326604,0,0.13229497517765595
PRV55902,0,0,0.0,0,0.09683107314045972
PRV56852,0,0,0.0,0,0.1030376263191437
PRV54971,0,1,0.91,1,0.999723173172004
PRV51235,0,0,0.0,0,0.19954906121728852
PRV54610,0,0,0.0,0,0.24849940445281857
PRV54191,0,0,0.0,0,0.12049987407951672
PRV56136,0,0,0.0,0,0.10658014473721923
PRV52228,0,0,0.005430247383326604,0,0.13229497517765595
PRV56773,0,0,0.18333333333333332,0,0.27038675572903986
PRV55974,0,0,0.01,0,0.11188727615565092
PRV51981,0,0,0.006666666666666667,0,0.21724630929669372
PRV56164,0,0,0.0,0,0.10479566964328985
PRV56394,0,0,0.02,0,0.0916147502997585
PRV57139,0,0,0.0,0,0.10420531737690832
PRV55246,0,0,0.20333333333333334,0,0.10909374854212753
PRV52275,0,0,0.006666666666666667,0,0.10920831951241897
PRV56970,0,0,0.005430247383326604,0,0.13229497517765595
PRV55627,0,0,0.005430247383326604,0,0.13229497517765595
PRV52314,0,1,0.83,1,0.9610023776468195
PRV55379,0,0,0.0011272815475107634,0,0.42040114070851065
PRV56972,0,0,0.0,0,0.12924530235948478
PRV52262,0,0,0.056666666666666664,0,0.10733559765689493
PRV57741,0,0,0.0,0,0.09283890271043815
PRV54457,0,0,0.0,0,0.0910081320302497
PRV51831,0,0,0.005430247383326604,0,0.13229497517765595
PRV53704,0,0,0.005430247383326604,0,0.13229497517765595
PRV55779,0,0,0.005430247383326604,0,0.13229497517765595
PRV54308,0,0,0.005430247383326604,0,0.13229497517765595
PRV54186,0,0,0.005430247383326604,0,0.13229497517765595
PRV55668,0,0,0.0,0,0.2911193405956851
PRV55573,0,0,0.09333333333333334,0,0.235356851108219
PRV53035,0,0,0.005430247383326604,0,0.13229497517765595
PRV57687,0,0,0.005430247383326604,0,0.13229497517765595
PRV54907,0,0,0.04,0,0.09251033437910981
PRV57096,1,0,0.08666666666666667,1,0.5166537790775788
PRV57183,0,0,0.0,0,0.09532032409386003
PRV53799,0,0,0.29333333333333333,1,0.6175782544239833
PRV57590,0,0,0.35333333333333333,0,0.2652860756358838
PRV53362,0,0,0.0033333333333333335,0,0.184378504584588
PRV52683,0,0,0.016666666666666666,0,0.11173592955119571
PRV54432,0,0,0.0,0,0.10420673197175472
PRV51816,0,0,0.0,0,0.41502658444558094
PRV56317,0,0,0.005430247383326604,0,0.13229497517765595
PRV52576,0,1,0.6033333333333334,1,0.5453082235413652
PRV55165,1,1,0.8366666666666667,1,0.816028432091472
PRV54188,0,0,0.005430247383326604,0,0.13229497517765595
PRV56207,0,0,0.19,1,0.9940305966644422
PRV52644,0,0,0.18666666666666668,0,0.4156591645330026
PRV52799,0,0,0.005430247383326604,0,0.13229497517765595
PRV54334,0,0,0.006666666666666667,0,0.1085043722050894
PRV55796,0,0,0.005430247383326604,0,0.13229497517765595
PRV55490,0,0,0.2733333333333333,1,0.5991467980814135
PRV57631,1,0,0.29,1,0.6903520583065598
PRV52423,0,0,0.013333333333333334,0,0.04365052229690364
PRV54021,0,0,0.005430247383326604,0,0.13229497517765595
PRV56174,0,0,0.0,0,0.15749101900905207
PRV51016,0,0,0.0,0,0.10245743783956776
PRV51555,0,0,0.0,0,0.11398784828686052
PRV54360,0,0,0.02,0,0.09571987975982416
PRV57521,0,0,0.08,0,0.33097641901604663
PRV53961,1,1,0.9633333333333334,1,0.9995849672269687
PRV56724,0,0,0.24776132430398795,1,0.5062680536132733
PRV51645,0,0,0.005430247383326604,0,0.13229497517765595
PRV56987,0,0,0.005430247383326604,0,0.13229497517765595
PRV54415,0,0,0.005430247383326604,0,0.13229497517765595
PRV56267,0,0,0.005430247383326604,0,0.13229497517765595
PRV55242,0,0,0.03,0,0.19208626913376278
PRV51139,0,0,0.12666666666666668,0,0.2128395877233135
PRV51075,0,0,0.0,0,0.1059823658196198
PRV53864,0,0,0.005430247383326604,0,0.13229497517765595
PRV52690,1,0,0.0,0,0.12052333166946916
PRV54230,1,1,0.9133333333333333,1,0.9466678214661168
PRV56209,0,1,0.6433333333333333,0,0.10804114718552411
PRV57082,0,0,0.0,0,0.29182593198987167
PRV53837,0,0,0.0,0,0.10362072094458287
PRV53187,0,0,0.005430247383326604,0,0.13229497517765595
PRV52055,0,0,0.02,0,0.10878448046267866
PRV52801,0,0,0.05,0,0.09895488545613991
PRV57671,0,0,0.005430247383326604,0,0.13229497517765595
PRV52346,0,0,0.36333333333333334,1,0.5327779674244216
PRV55948,0,0,0.36,1,0.6837690309219171
PRV53237,0,0,0.005430247383326604,0,0.13229497517765595
PRV56328,0,0,0.0,0,0.10778461514400199
PRV56896,0,0,0.00011964685981443403,0,0.11296923252759845
PRV57347,0,0,0.4,1,0.6175085881237609
PRV56722,0,0,0.005430247383326604,0,0.13229497517765595
PRV54908,0,0,0.013333333333333334,0,0.09730740761272676
PRV55875,0,0,0.0033333333333333335,0,0.1061939605203996
PRV52581,0,0,0.0033333333333333335,0,0.10371906422844618
PRV56173,0,0,0.24333333333333335,0,0.4979509022286821
PRV51778,0,0,0.0,0,0.10018109132278119
PRV53355,0,0,0.005430247383326604,0,0.13229497517765595
PRV52187,0,0,0.0,0,0.09393131229960085
PRV56934,0,0,0.005430247383326604,0,0.13229497517765595
PRV51551,0,0,0.02,0,0.28183799594967
PRV55414,0,0,0.0033333333333333335,0,0.2088278527077162
PRV54456,0,0,0.005430247383326604,0,0.13229497517765595
PRV56438,1,1,0.9066666666666666,1,0.9885371652521332
PRV55582,0,0,0.0,0,0.11398784828686052
PRV53129,0,0,0.45,1,0.764661837238551
PRV55173,0,0,0.0,0,0.09629556779243477
PRV55765,0,0,0.0,0,0.3715037616087409
PRV55031,0,0,0.01914744449763222,0,0.3538683537302664
PRV53272,0,0,0.11333333333333333,0,0.24283825528439568
PRV55846,0,1,0.7966666666666666,1,0.9274408885656192
PRV51535,0,0,0.43,1,0.7096232790338363
PRV57315,0,0,0.0,0,0.10420531737690832
PRV52537,0,0,0.01,1,0.9946773817881543
PRV53820,0,0,0.005430247383326604,0,0.13229497517765595
PRV54076,0,0,0.29,1,0.5024066072457614
PRV55772,0,0,0.005430247383326604,0,0.13229497517765595
PRV57651,0,0,0.005430247383326604,0,0.13229497517765595
PRV52402,0,1,0.6966666666666667,1,0.9707885151529011
PRV52758,0,0,0.005430247383326604,0,0.13229497517765595
PRV54742,1,1,0.9966666666666667,1,0.9999999998905609
PRV52300,0,0,0.020535927299092063,1,0.8704151843991031
PRV53416,0,0,0.09831203552655429,0,0.41646117415073697
PRV52303,0,1,0.8366666666666667,1,0.929702134381094
PRV52842,0,1,0.94,1,0.9923024291553942
PRV55281,0,0,0.0,0,0.23581436649643922
PRV54710,0,0,0.005430247383326604,0,0.13229497517765595
PRV54402,0,1,0.8066666666666666,0,0.43294556887924796
PRV53766,0,0,0.07,0,0.09523792027279622
PRV56080,0,0,0.005430247383326604,0,0.13229497517765595
PRV54550,0,0,0.005430247383326604,0,0.13229497517765595
PRV55688,0,0,0.03333333333333333,0,0.09780923035075169
PRV51469,0,0,0.0,0,0.10362072094458287
PRV51432,0,0,0.2,0,0.40745015976423443
PRV55129,0,0,0.0,0,0.31397445430490645
PRV55982,0,0,0.005430247383326604,0,0.13229497517765595
PRV55996,1,1,0.89,1,0.8895612633696757
PRV54092,0,0,0.006666666666666667,0,0.29830774729591436
PRV54284,0,0,0.20333333333333334,1,0.702091808957592
PRV55586,0,0,0.0,0,0.2376962469920654
PRV55750,0,0,0.005430247383326604,0,0.13229497517765595
PRV52963,0,0,0.0,0,0.1044330224329612
PRV55754,0,0,0.005430247383326604,0,0.13229497517765595
PRV52667,0,0,0.005430247383326604,0,0.13229497517765595
PRV56801,0,0,0.05333333333333334,0,0.12036919799171984
PRV56519,0,0,0.0033333333333333335,0,0.4175670698223212
PRV54407,0,0,0.005430247383326604,0,0.13229497517765595
PRV55358,0,0,0.0,0,0.09512190471396648
PRV56643,0,1,0.56,0,0.4796645225847826
PRV56339,0,0,0.0,0,0.28709820696654925
PRV57380,0,0,0.0,0,0.09856495380550384
PRV51082,0,0,0.0,0,0.1071808911233734
PRV57077,0,0,0.0,0,0.17521632377353583
PRV53554,0,0,0.0,0,0.1059823658196198
PRV51113,0,0,0.09333333333333334,0,0.10073061660731647
PRV52354,0,0,0.006666666666666667,0,0.09323422106774884
PRV56721,0,0,0.0033333333333333335,0,0.1125768561384719
PRV57149,0,0,0.30333333333333334,0,0.1331519404834959
PRV51364,0,0,0.0,0,0.36466870868530765
PRV54879,1,1,0.9533333333333334,1,0.9996781092403942
PRV53612,0,0,0.38333333333333336,0,0.2256417525760644
PRV56130,0,0,0.18745959282571575,1,0.5196986785312627
PRV55761,0,0,0.005430247383326604,0,0.13229497517765595
PRV51008,0,0,0.0,0,0.09757554673663463
PRV53972,0,0,0.10666666666666667,0,0.3352799879080145
PRV55807,0,0,0.016666666666666666,0,0.0969210490960768
PRV53388,0,0,0.30666666666666664,1,0.6750352136869517
PRV57255,0,0,0.005430247383326604,0,0.13229497517765595
PRV54763,0,0,0.0033333333333333335,0,0.10081924717030762
PRV55051,0,0,0.0,0,0.3611358357804587
PRV55110,0,0,0.10267673104534387,0,0.08776442384278328
PRV51987,0,0,0.005430247383326604,0,0.13229497517765595
PRV56884,0,0,0.0,0,0.10362072094458287
PRV51097,0,0,0.006666666666666667,0,0.11082066057674925
PRV53525,0,0,0.005430247383326604,0,0.13229497517765595
PRV53020,0,0,0.005430247383326604,0,0.13229497517765595
PRV54153,0,0,0.4463663176331907,1,0.5284216812940177
PRV55950,0,0,0.0,0,0.10778461514400199
PRV52985,1,1,0.97,1,0.9999999490290933
PRV54491,0,0,0.005430247383326604,0,0.13229497517765595
PRV55637,0,0,0.005430247383326604,0,0.13229497517765595
PRV51716,0,0,0.006666666666666667,0,0.09957342994931093
PRV54506,0,0,0.14,0,0.2690302089220213
PRV54977,0,1,0.56,0,0.45757894109115094
PRV56023,1,0,0.21,0,0.3886072160020234
PRV54111,1,1,0.7233333333333334,1,0.9851630081407864
PRV55946,0,0,0.0,0,0.10071490272494205
PRV57230,1,1,0.9,1,0.8252873578861416
PRV56909,0,0,0.0,0,0.21530024754264135
PRV56570,0,1,0.5393385382780308,1,0.5518437290422661
PRV54761,0,1,0.71,1,0.9176074402164394
PRV54038,0,0,0.0019420151245617416,0,0.09865376503693503
PRV52506,0,0,0.0,0,0.1071808911233734
PRV51444,0,0,0.15333333333333332,1,0.5768880948030881
PRV51509,0,1,0.59,1,0.7498326911147304
PRV55852,1,0,0.005430247383326604,0,0.13229497517765595
PRV52391,0,0,0.05,0,0.14418905573487265
PRV53341,0,0,0.0,0,0.1071808911233734
PRV51668,0,0,0.013333333333333334,0,0.0970138359220613
PRV54238,0,0,0.03333333333333333,0,0.13130865142656503
PRV51695,0,0,0.006666666666666667,0,0.1585745576631949
PRV55326,0,0,0.0,0,0.09146329902254514
PRV56237,0,0,0.0,0,0.09473209380617884
PRV52011,0,0,0.005430247383326604,0,0.13229497517765595
PRV53642,0,0,0.0,0,0.10362072094458287
PRV55521,0,0,0.16333333333333333,0,0.36532057107780813
PRV53752,0,0,0.006666666666666667,0,0.3536208375257798
PRV54344,0,0,0.0,0,0.12049987407951672
PRV52281,0,0,0.4766666666666667,1,0.9214506076886332
PRV51876,1,0,0.49666666666666665,1,0.7574806629211049
PRV57382,0,0,0.0,0,0.08381132935312284
PRV53180,0,0,0.13,0,0.12183016277794889
PRV51122,0,0,0.005430247383326604,0,0.13229497517765595
PRV56840,0,0,0.0,0,0.12397228864617818
PRV57100,0,0,0.0019420151245617416,0,0.09865376503693503
PRV55560,0,0,0.0,0,0.1067343399148457
PRV51895,0,0,0.0,0,0.10538754418788819
PRV57235,0,0,0.09915234225184624,0,0.3750445493893954
PRV55563,0,0,0.005430247383326604,0,0.13229497517765595
PRV52671,0,0,0.005430247383326604,0,0.13229497517765595
PRV53652,0,0,0.0,0,0.09714720991005181
PRV53308,0,0,0.044154627206555025,0,0.3897204618291587
PRV52507,0,0,0.0,0,0.09930577803396866
PRV52551,0,0,0.005430247383326604,0,0.13229497517765595
PRV57264,0,0,0.0019420151245617416,0,0.09865376503693503
PRV54684,0,0,0.006666666666666667,0,0.0824891772681346
PRV52121,0,0,0.0,0,0.254453209177436
PRV53063,0,0,0.0,0,0.15749101900905207
PRV53465,0,0,0.06778827519379846,1,0.8048169436701214
PRV54973,0,0,0.18,0,0.3520873225449467
PRV57539,0,0,0.0,0,0.10557815114293813
PRV56571,0,0,0.12717337975063772,1,0.5601388283860684
PRV55455,0,0,0.03333333333333333,0,0.10536490270342554
PRV57310,1,1,0.76,1,0.9706023874916462
PRV57227,0,0,0.41333333333333333,1,0.7180065135586401
PRV51691,0,0,0.016666666666666666,0,0.09982410571028244
PRV51993,0,0,0.0,0,0.10362072094458287
PRV57307,0,1,0.7366666666666667,1,0.663477699062421
PRV53248,0,0,0.012774318556714634,0,0.3011350377490466
PRV52478,0,0,0.13333333333333333,0,0.2545033058032144
PRV53784,0,0,0.006666666666666667,0,0.10574720469805977
PRV54701,0,0,0.005430247383326604,0,0.13229497517765595
PRV54820,0,0,0.0,0,0.3715037616087409
PRV57138,0,0,0.0033333333333333335,0,0.16657443969388322
PRV57110,0,0,0.0945292984572342,0,0.4611734224246141
PRV54577,0,1,0.85,1,0.9187845833769785
PRV55493,0,0,0.0019420151245617416,0,0.09865376503693503
PRV53252,0,0,0.03333333333333333,0,0.3200424375183359
PRV54812,0,0,0.02666666666666667,1,0.6030448833410383
PRV54123,0,0,0.005430247383326604,0,0.13229497517765595
PRV54917,0,0,0.03333333333333333,1,0.5446998961219183
PRV51219,0,0,0.005430247383326604,0,0.13229497517765595
PRV52206,0,0,0.005430247383326604,0,0.13229497517765595
PRV55937,0,0,0.17333333333333334,0,0.46800980378895873
PRV51316,0,0,0.0,0,0.18970349246316112
PRV56777,0,1,0.6766666666666666,1,0.5092092763130758
PRV56686,0,1,0.6933333333333334,1,0.5905968581717073
PRV55786,0,0,0.0,0,0.10245743783956776
PRV53501,0,0,0.005430247383326604,0,0.13229497517765595
PRV54380,0,0,0.0,0,0.3715037616087409
PRV53951,1,0,0.31333333333333335,1,0.6583077237190179
PRV54990,0,0,0.0,0,0.3788093795634292
PRV54745,0,1,0.72,1,0.864159249541457
PRV56355,0,0,0.005230784187739334,0,0.3728924215722172
PRV51511,0,0,0.0,0,0.10603929529906089
PRV54157,0,0,0.03333333333333333,0,0.12743298904692646
PRV56311,0,0,0.0,0,0.09896469199998892
PRV51100,0,0,0.01725466203230984,1,0.8966428256316564
PRV57301,0,0,0.03333333333333333,1,0.5065871166308491
PRV56101,0,0,0.005430247383326604,0,0.13229497517765595
PRV55617,0,0,0.005430247383326604,0,0.13229497517765595
PRV54093,1,1,0.73,1,0.9239359029572823
PRV53496,0,0,0.07333333333333333,0,0.09630998526565722
PRV52063,0,1,0.7833333333333333,1,0.9996374350867158
PRV54596,0,0,0.006666666666666667,0,0.09316865275470022
PRV56688,0,0,0.005430247383326604,0,0.13229497517765595
PRV52511,1,1,0.91,1,0.9874427895118306
PRV55501,0,0,0.0,0,0.31397445430490645
PRV51579,0,1,0.54,1,0.6505094141819685
PRV54497,0,0,0.0,0,0.3717115844249288
PRV54776,0,0,0.17333333333333334,0,0.36106539799310255
PRV53052,0,0,0.0,0,0.17521632377353583
PRV57640,0,0,0.08666666666666667,0,0.25643341137479225
PRV56177,0,0,0.005430247383326604,0,0.13229497517765595
PRV52788,0,0,0.03666666666666667,0,0.13633976572963927
PRV57704,0,0,0.0,0,0.17521632377353583
PRV57174,0,0,0.22,1,0.5710680299937372
PRV55260,0,0,0.013333333333333334,0,0.10240151585335569
PRV55036,0,0,0.0,0,0.09650785088375967
PRV51918,0,0,0.005430247383326604,0,0.13229497517765595
PRV56113,0,0,0.04666666666666667,0,0.1059230598775395
PRV55473,0,0,0.02666666666666667,0,0.0900051311289986
PRV51477,0,0,0.0,0,0.1071808911233734
PRV54127,0,0,0.05333333333333334,0,0.09977570479462931
PRV55767,0,0,0.005430247383326604,0,0.13229497517765595
PRV51723,0,0,0.0,0,0.09736116817484616
PRV54662,0,0,0.007859308126119997,0,0.2057121213703458
PRV55483,1,1,0.8566666666666667,1,0.9988255319117879
PRV54278,0,0,0.03,0,0.09718244890649072
PRV57598,0,0,0.0,0,0.10271391961973603
PRV53821,0,0,0.0,0,0.09822121021511303
PRV56707,0,0,0.005430247383326604,0,0.13229497517765595
PRV52004,0,0,0.07333333333333333,0,0.09630998526565722
PRV54688,1,1,0.7633333333333333,1,0.9972839314782109
PRV52596,0,0,0.005430247383326604,0,0.13229497517765595
PRV52435,0,0,0.0467959549806058,0,0.06020789173550273
PRV54026,0,0,0.005430247383326604,0,0.13229497517765595
PRV53968,0,0,0.12333333333333334,0,0.10376684593344325
PRV52282,0,0,0.0,0,0.34632309194755273
PRV56588,1,1,0.9966666666666667,1,0.9990792323172228
PRV57569,1,0,0.42,0,0.34767032582096224
PRV52512,0,0,0.0,0,0.09887067800045214
PRV53325,0,0,0.0,0,0.10743339277242954
PRV55140,0,0,0.08333333333333333,0,0.48515779006176296
PRV53947,0,0,0.005430247383326604,0,0.13229497517765595
PRV51355,0,0,0.36333333333333334,0,0.4325456490576194
PRV53319,0,0,0.3566666666666667,0,0.4277202091589976
PRV55953,0,0,0.005430247383326604,0,0.13229497517765595
PRV55843,0,0,0.02,0,0.13131584779640879
PRV55916,0,1,0.9966666666666667,1,0.999974232184886
PRV55508,0,0,0.0,0,0.11398784828686052
PRV52280,1,0,0.47333333333333333,1,0.9684441773840233
PRV53553,0,0,0.01,0,0.0814615097494221
PRV53452,0,0,0.02666666666666667,0,0.12040745761566213
PRV56088,0,0,0.0033333333333333335,0,0.09654344849878087
PRV53104,0,0,0.43666666666666665,1,0.7471625829174717
PRV57306,1,1,0.9966666666666667,1,0.9818143956048977
PRV54475,0,0,0.023333333333333334,0,0.11451234294327385
PRV53212,0,0,0.005430247383326604,0,0.13229497517765595
PRV55830,0,0,0.03,0,0.3885687560797547
PRV52583,0,0,0.16333333333333333,1,0.7644586670296003
PRV53850,0,0,0.0,0,0.10362072094458287
PRV51923,0,0,0.005430247383326604,0,0.13229497517765595
PRV51518,0,0,0.0033333333333333335,0,0.1637519439862727
PRV55610,0,0,0.005430247383326604,0,0.13229497517765595
PRV52616,0,0,0.0,0,0.1344890359076506
PRV55705,0,0,0.03,0,0.1355603659303455
PRV57052,0,0,0.0,0,0.09757554673663463
PRV56673,0,0,0.12717337975063772,1,0.5601388283860684
PRV57692,0,0,0.0,0,0.10479566964328985
PRV55769,0,0,0.06734724814958078,0,0.2181446168203842
PRV56398,0,0,0.0033333333333333335,0,0.16498704345286283
PRV55834,0,1,0.6166666666666667,1,0.6667261560702841
PRV57691,0,0,0.006666666666666667,0,0.08388334178665922
PRV52168,0,0,0.04666666666666667,0,0.09735521939543093
PRV57148,0,0,0.48,1,0.5203531697218582
PRV53317,0,0,0.44,0,0.3023338483626507
PRV57650,0,0,0.024576955071613872,0,0.14999166931458194
PRV54436,0,0,0.005430247383326604,0,0.13229497517765595
PRV53978,0,0,0.005430247383326604,0,0.13229497517765595
PRV53251,0,0,0.16,0,0.41432630551622895
PRV53675,0,1,0.7833333333333333,1,0.9965940528107917
PRV56905,0,0,0.005430247383326604,0,0.13229497517765595
PRV51191,0,0,0.0,0,0.12049987407951672
PRV54849,0,0,0.005430247383326604,0,0.13229497517765595
PRV54109,0,0,0.0,0,0.1071808911233734
PRV51672,0,0,0.0,0,0.10362072094458287
PRV56219,0,0,0.24,0,0.4767575268631471
PRV57324,0,0,0.37333333333333335,1,0.7827244859220511
PRV56903,0,0,0.0,1,0.9853293113284189
PRV57679,0,0,0.005430247383326604,0,0.13229497517765595
PRV53113,0,0,0.0,0,0.09988359459516026
PRV56045,0,0,0.0033333333333333335,0,0.14183656387835436
PRV57518,0,0,0.0,0,0.10420673197175472
PRV55556,0,0,0.03,0,0.07870690165941016
PRV51616,0,0,0.0,0,0.0954196725777813
PRV51887,0,0,0.0,0,0.10362072094458287
PRV56166,0,0,0.0,0,0.17521632377353583
PRV54976,0,0,0.0,0,0.10092368758823161
PRV52928,0,0,0.0,0,0.09875050901090236
PRV52072,0,1,0.8466666666666667,1,0.9258938040602198
PRV57253,0,0,0.07666666666666666,0,0.1082350584891432
PRV52587,0,0,0.013333333333333334,0,0.12529015098387952
PRV56495,0,0,0.0,0,0.09996162234892973
PRV51977,0,0,0.005430247383326604,0,0.13229497517765595
PRV51787,0,0,0.005430247383326604,0,0.13229497517765595
PRV56165,0,0,0.16333333333333333,0,0.10467674320429377
PRV55045,0,0,0.0,0,0.0965966613691562
PRV53034,0,0,0.005430247383326604,0,0.13229497517765595
PRV52499,0,1,0.57,1,0.6330925996536559
PRV51011,0,0,0.01,0,0.2115733000568704
PRV55470,0,0,0.28,0,0.3811655122100787
PRV55232,0,1,0.9666666666666667,1,0.8481842767158172
PRV53255,0,0,0.0,0,0.10188014523743269
PRV57432,0,0,0.013333333333333334,0,0.09990160821048923
PRV57245,0,0,0.02666666666666667,0,0.08223109903122867
PRV54747,0,0,0.005430247383326604,0,0.13229497517765595
PRV55289,0,0,0.005430247383326604,0,0.13229497517765595
PRV52320,1,1,0.9333333333333333,1,0.993422911615621
PRV51828,0,0,0.08,0,0.478165875362972
PRV54728,0,0,0.0,0,0.17549563344411695
PRV55801,0,0,0.005430247383326604,0,0.13229497517765595
PRV57541,0,0,0.0,0,0.10040244459275104
PRV54757,0,0,0.11,1,0.5021832741234236
PRV52115,1,0,0.31666666666666665,1,0.6747247663177594
PRV55338,0,0,0.0,0,0.09957430294213886
PRV54044,0,0,0.005430247383326604,0,0.13229497517765595
PRV54027,0,0,0.005430247383326604,0,0.13229497517765595
PRV56033,0,0,0.12333333333333334,0,0.49959238178063814
PRV52726,0,0,0.005430247383326604,0,0.13229497517765595
PRV51781,0,0,0.0,0,0.09887067800045214
PRV55648,0,0,0.005430247383326604,0,0.13229497517765595
PRV52919,0,0,0.0033333333333333335,0,0.15423535799638605
PRV54416,0,0,0.005430247383326604,0,0.13229497517765595
PRV54280,0,0,0.0,0,0.10362072094458287
PRV51595,0,0,0.006666666666666667,0,0.09682589938272845
PRV52046,0,0,0.0033333333333333335,0,0.08651998970123069
PRV57406,0,1,0.5333333333333333,1,0.9660130123533703
PRV52199,0,0,0.005430247383326604,0,0.13229497517765595
PRV54006,0,0,0.005430247383326604,0,0.13229497517765595
PRV52728,0,0,0.005430247383326604,0,0.13229497517765595
PRV56517,0,0,0.0033333333333333335,0,0.09672320471053954
PRV57706,0,0,0.005430247383326604,0,0.13229497517765595
PRV57172,1,1,0.9266666666666666,1,0.9999981423175011
PRV51494,0,0,0.0,0,0.11266651517797774
PRV54965,0,0,0.13333333333333333,0,0.3732667126899141
PRV55566,0,0,0.018599523182380014,0,0.09532424197653795
PRV55435,1,1,0.9933333333333333,1,0.9999940858103131
PRV54786,1,1,0.99,1,0.9961272353500511
PRV55189,0,1,0.7933333333333333,1,0.8689383148333386
PRV57707,0,0,0.005430247383326604,0,0.13229497517765595
PRV54414,0,0,0.0,0,0.4018278175540577
PRV52606,0,0,0.0,0,0.09601805965167179
PRV51916,0,0,0.02,0,0.06096499610692818
PRV52318,0,0,0.0,0,0.09807964763834796
PRV51285,0,0,0.30666666666666664,1,0.5906356370619769
PRV53786,1,1,0.8233333333333334,1,0.9998833099662745
PRV52542,0,0,0.0,0,0.10319846180156125
PRV53996,0,0,0.0028760744846481824,0,0.22700113423707058
PRV57140,0,0,0.0,0,0.10534824296573242
PRV55057,1,0,0.03,0,0.1845943149352315
PRV51661,0,0,0.11,0,0.10799929716583474
PRV51931,0,0,0.02666666666666667,0,0.09855736628534893
PRV51719,0,0,0.005430247383326604,0,0.13229497517765595
PRV54208,0,1,0.8233333333333334,0,0.4254003269602413
PRV52911,0,0,0.0,0,0.10479566964328985
PRV54430,0,0,0.005430247383326604,0,0.13229497517765595
PRV55003,0,0,0.13333333333333333,0,0.4604316932560871
PRV57329,0,0,0.005430247383326604,0,0.13229497517765595
PRV54564,0,0,0.03333333333333333,1,0.5735418286045346
PRV51480,1,1,0.9266666666666666,1,0.9999502448205658
PRV54692,1,1,0.86,1,0.9930932520153736
PRV55252,0,0,0.006666666666666667,0,0.099569830915933
PRV51059,1,1,0.92,1,0.7112253913810838
PRV56377,0,0,0.005430247383326604,0,0.13229497517765595
PRV53233,0,0,0.05112039475675839,0,0.4193502393676595
PRV54878,0,0,0.005430247383326604,0,0.13229497517765595
PRV52304,0,0,0.0,0,0.13076940321108463
PRV55010,1,0,0.013333333333333334,0,0.10314784039434995
PRV51179,0,0,0.0033333333333333335,0,0.10959543914225678
PRV57391,0,0,0.02,0,0.11627551691027892
PRV53204,0,0,0.0,0,0.10362072094458287
PRV54025,0,0,0.0,0,0.1071808911233734
PRV55590,0,0,0.005430247383326604,0,0.13229497517765595
PRV56034,0,0,0.0,0,0.10658014473721923
PRV57520,0,0,0.0,0,0.09757554673663463
PRV52830,0,0,0.0,0,0.10188014523743269
PRV54720,0,1,0.5933333333333334,0,0.464401882940985
PRV53783,0,0,0.005430247383326604,0,0.13229497517765595
PRV52473,0,0,0.005430247383326604,0,0.13229497517765595
PRV52771,0,0,0.005430247383326604,0,0.13229497517765595
PRV53169,0,0,0.0,0,0.10538754418788819
PRV56958,0,0,0.0,0,0.10778461514400199
PRV56008,1,1,0.8266666666666667,1,0.889948206065228
PRV54410,0,0,0.02,0,0.0916147502997585
PRV57115,0,0,0.0,0,0.31397445430490645
PRV57747,0,0,0.005430247383326604,0,0.13229497517765595
PRV56590,0,0,0.0,0,0.10659801828983012
PRV51459,1,1,0.92,1,1.0
PRV53315,0,0,0.005430247383326604,0,0.13229497517765595
PRV52226,0,0,0.005430247383326604,0,0.13229497517765595
PRV53297,1,0,0.2733333333333333,1,0.5449490952218793
PRV57603,0,0,0.04,0,0.22427670209356626
PRV55076,0,0,0.005430247383326604,0,0.13229497517765595
PRV53640,0,0,0.18,0,0.097628883064053
PRV53801,0,0,0.0019420151245617416,0,0.09865376503693503
PRV56301,0,0,0.005430247383326604,0,0.13229497517765595
PRV54730,0,0,0.02,0,0.09433191904514046
PRV54690,0,1,0.7833333333333333,1,0.7726328419405781
PRV55766,0,0,0.005430247383326604,0,0.13229497517765595
PRV53698,0,0,0.0033333333333333335,0,0.09782170562783893
PRV56633,0,0,0.005430247383326604,0,0.13229497517765595
PRV51456,0,1,0.9466666666666667,1,0.9997965280906477
PRV56361,1,0,0.18666666666666668,0,0.33021763160002443
PRV53816,0,0,0.0033333333333333335,0,0.13778492846230384
PRV54050,0,0,0.005430247383326604,0,0.13229497517765595
PRV52328,0,0,0.0,0,0.09650785088375967
PRV52615,0,0,0.03175025442484441,0,0.31312223489735214
PRV52124,1,0,0.09666666666666666,1,0.5973811251163941
PRV51970,0,0,0.0,0,0.10658014473721923
PRV53658,0,0,0.0,0,0.0997425808757619
PRV56585,0,0,0.0,0,0.18970349246316112
PRV56280,0,0,0.0,0,0.09695946838727464
PRV53973,0,0,0.0,0,0.10952517697848149
PRV53385,1,1,0.9833333333333333,1,0.999991363647734
PRV57737,0,0,0.005430247383326604,0,0.13229497517765595
PRV57368,0,0,0.0,0,0.10420531737690832
PRV54339,0,0,0.23333333333333334,0,0.49851057623933465
PRV53375,0,0,0.0,0,0.11398784828686052
PRV54595,0,0,0.005430247383326604,0,0.13229497517765595
PRV57441,0,0,0.006666666666666667,0,0.09901904631144937
PRV53095,0,0,0.06043102900825645,1,0.5607677821821143
PRV52107,0,0,0.3566666666666667,0,0.4128944993446872
PRV56607,0,0,0.13333333333333333,0,0.34037426816495125
PRV53214,0,0,0.0,0,0.10165746304662342
PRV57564,0,0,0.005430247383326604,0,0.13229497517765595
PRV55577,0,0,0.005430247383326604,0,0.13229497517765595
PRV57046,0,0,0.02,0,0.10843682831236631
PRV53884,1,1,1.0,1,0.9999955592750552
PRV53733,0,0,0.005430247383326604,0,0.13229497517765595
PRV56738,0,1,0.5766666666666667,1,0.924036630693988
PRV53625,0,0,0.0,0,0.09173039074961344
PRV54382,1,1,0.9433333333333334,1,0.991471124030983
PRV52082,0,0,0.005430247383326604,0,0.13229497517765595
PRV55426,0,0,0.0,0,0.09843438681275175
PRV55901,0,0,0.0,0,0.1059823658196198
PRV51590,1,1,0.6666666666666666,1,0.9962736806189889
PRV56490,0,0,0.33361001708784277,0,0.3969726547780498
PRV53727,0,0,0.0,0,0.10362072094458287
PRV53547,0,0,0.0,0,0.10778461514400199
PRV51745,0,0,0.0,0,0.11398784828686052
PRV52197,0,0,0.023333333333333334,1,0.5584838283384664
PRV53829,0,0,0.005430247383326604,0,0.13229497517765595
PRV57103,1,1,0.9233333333333333,1,0.999998447071526
PRV51821,0,0,0.21666666666666667,1,0.5352403519000688
PRV57278,0,0,0.0,0,0.12049987407951672
PRV55244,0,0,0.005430247383326604,0,0.13229497517765595
PRV53133,0,0,0.056666666666666664,0,0.1014338924665715
PRV52189,0,0,0.05333333333333334,0,0.10025252775489776
PRV54800,0,0,0.005430247383326604,0,0.13229497517765595
PRV53549,0,0,0.005430247383326604,0,0.13229497517765595
PRV53530,0,0,0.0,0,0.1059823658196198
PRV56628,0,0,0.17666666666666667,0,0.4330689224681732
PRV55099,0,0,0.02,0,0.11440494043902676
PRV52416,0,0,0.006666666666666667,0,0.096514877059394
PRV52325,1,1,0.9133333333333333,1,0.9015232573639225
PRV56575,1,1,1.0,1,0.9999671866255595
PRV55595,0,0,0.005430247383326604,0,0.13229497517765595
PRV54887,0,0,0.04666666666666667,0,0.08979039147568424
PRV54255,0,0,0.07333333333333333,0,0.014700710474846057
PRV53643,0,0,0.005430247383326604,0,0.13229497517765595
PRV55335,0,0,0.0,0,0.09373548471468902
PRV56908,0,0,0.0,0,0.19447608349157966
PRV51289,0,0,0.0,0,0.0970251391386798
PRV53970,0,0,0.27,1,0.6802779610982906
PRV57119,0,0,0.005430247383326604,0,0.13229497517765595
PRV51466,0,0,0.18666666666666668,0,0.2392600212124673
PRV52387,0,0,0.14666666666666667,1,0.5489888454955348
PRV56937,0,0,0.005430247383326604,0,0.13229497517765595
PRV53940,0,0,0.08666666666666667,0,0.0892105415501088
PRV51746,0,0,0.0,0,0.10884358689444236
PRV57351,0,0,0.06,0,0.1949139562280565
PRV55273,0,0,0.0,0,0.10420673197175472
PRV53421,1,1,0.99,1,0.9999087378802095
PRV55263,0,0,0.13,0,0.09290591123935296
PRV55699,0,0,0.005430247383326604,0,0.13229497517765595
PRV55122,0,0,0.0,0,0.19447608349157966
PRV56272,0,0,0.04,0,0.1735692520479836
PRV56364,0,0,0.0,0,0.0720442687794042
PRV52412,0,0,0.0033333333333333335,0,0.09994478697893608
PRV54503,0,0,0.0,0,0.2616451335801551
PRV55261,0,0,0.0,0,0.1006284763512419
PRV52334,0,0,0.05333333333333334,1,0.5198578477533388
PRV53111,0,0,0.16,0,0.3658684113621057
PRV57732,0,0,0.19333333333333333,0,0.421778768066101
PRV53991,0,0,0.02666666666666667,0,0.09793364937090925
PRV57645,0,0,0.005430247383326604,0,0.13229497517765595
PRV57072,0,0,0.0,0,0.26655381053626337
PRV55063,0,0,0.005430247383326604,0,0.13229497517765595
PRV53720,0,0,0.006666666666666667,0,0.09763047522820918
PRV56425,1,1,0.6366666666666667,1,0.5314399558719686
PRV52599,0,0,0.30666666666666664,0,0.08098401496067124
PRV54479,0,0,0.005430247383326604,0,0.13229497517765595
PRV53849,0,0,0.0,0,0.10245743783956776
PRV51522,0,1,0.6966666666666667,1,0.6019521476371209
PRV55339,0,0,0.0,0,0.101284869664304
PRV52868,1,1,0.6733333333333333,1,0.9313983194932806
PRV55732,0,0,0.24,0,0.45717198470575066
PRV53269,1,1,0.77,1,0.9998170416511201
PRV51664,0,0,0.0,0,0.10778461514400199
PRV52135,1,1,1.0,1,0.9999999914827139
PRV56347,0,1,0.5993385382780309,1,0.597495513043605
PRV51003,1,1,0.74,1,0.9893764096490066
PRV55000,0,1,0.9266666666666666,1,0.9994157504043191
PRV52267,0,0,0.05333333333333334,0,0.3294751943619472
PRV51644,0,0,0.0,0,0.232984493926165
PRV57272,0,0,0.0,0,0.09871088393660507
PRV54233,0,0,0.0,0,0.21530024754264135
PRV52898,0,1,0.8833333333333333,1,0.9514963534470192
PRV52292,1,1,0.9666666666666667,1,0.8279760845033134
PRV52144,0,0,0.49666666666666665,1,0.5126086673371117
PRV51288,0,0,0.0,0,0.40216487019481906
PRV52457,0,1,0.64,0,0.48528256324161817
PRV54772,1,1,0.96,1,0.9999999213249315
PRV55822,0,0,0.08666666666666667,0,0.14718615472195787
PRV57156,0,0,0.0,0,0.11047946990490591
PRV55538,0,0,0.0,0,0.10538754418788819
PRV55913,1,1,0.92,1,0.9886648680714277
PRV52687,0,0,0.38,0,0.46426438717870355
PRV53261,0,0,0.02666666666666667,0,0.20144671134617492
PRV52807,0,0,0.0033333333333333335,0,0.27901450331674205
PRV54197,0,0,0.005430247383326604,0,0.13229497517765595
PRV52341,0,0,0.0,0,0.09694538800798516
PRV55942,0,0,0.006666666666666667,0,0.2294107647883559
PRV52366,0,1,0.5166666666666667,1,0.7590710545909602
PRV52193,0,0,0.04666666666666667,0,0.10766976897772554
PRV56758,0,0,0.07666666666666666,0,0.25646470089063017
PRV54008,0,0,0.006666666666666667,0,0.09798897163933554
PRV57426,0,0,0.0033333333333333335,0,0.10023183165971408
PRV52910,0,0,0.10333333333333333,1,0.7130291082911093
PRV51927,0,1,0.5933333333333334,0,0.464401882940985
PRV57404,0,0,0.0,0,0.1761227200915794
PRV53303,0,0,0.01,0,0.09494851722917841
PRV55138,0,0,0.0,0,0.26655381053626337
PRV55093,0,0,0.005430247383326604,0,0.13229497517765595
PRV54517,0,0,0.005430247383326604,0,0.13229497517765595
PRV52668,0,0,0.005430247383326604,0,0.13229497517765595
PRV51567,1,1,1.0,1,0.9856465613659793
PRV56464,0,0,0.03666666666666667,0,0.09642686210563967
PRV51954,0,1,0.74,1,0.8576269056926413
PRV53489,0,0,0.20165226046314952,0,0.17296681183589818
PRV56138,0,0,0.0,0,0.31174744561671996
PRV51045,0,0,0.0033333333333333335,0,0.09779034619660336
PRV51209,0,0,0.0019420151245617416,0,0.09865376503693503
PRV55607,0,0,0.005430247383326604,0,0.13229497517765595
PRV56701,0,0,0.003581841821079185,0,0.3041436406190709
PRV56041,0,0,0.005430247383326604,0,0.13229497517765595
PRV56206,0,0,0.03666666666666667,0,0.10010818786967716
PRV55867,0,0,0.06333333333333334,0,0.07103043687303011
PRV56610,0,0,0.15666666666666668,0,0.3620260015537296
PRV53551,0,0,0.005430247383326604,0,0.13229497517765595
PRV57265,0,0,0.005430247383326604,0,0.13229497517765595
PRV56754,0,1,0.58,0,0.49830742338731
PRV55969,0,0,0.056666666666666664,0,0.11277003084904945
PRV55876,0,0,0.0,0,0.12733046159620787
PRV53594,0,0,0.02,0,0.10903804757163994
PRV55007,0,0,0.0,0,0.10778461514400199
PRV53605,0,0,0.01,0,0.10173975730974077
PRV54697,0,0,0.0,0,0.31397445430490645
PRV56894,0,0,0.0655324769973581,0,0.09987541358708761
PRV56626,0,1,0.74,1,0.5133320651628202
PRV51012,0,0,0.0,0,0.10479566964328985
PRV57702,0,0,0.4266666666666667,1,0.5335063698170466
PRV51331,0,0,0.005430247383326604,0,0.13229497517765595
PRV55748,0,0,0.005430247383326604,0,0.13229497517765595
PRV57413,0,0,0.0,0,0.09800556715579699
PRV54739,1,1,0.7566666666666667,1,0.9533218197548315
PRV57527,1,1,0.9666666666666667,1,0.9914060131461528
PRV55194,1,1,1.0,1,0.9999998773064522
PRV54774,0,0,0.25333333333333335,1,0.5669703369010657
PRV57436,0,0,0.05333333333333334,0,0.10716372749463554
PRV56572,0,0,0.0,0,0.1059823658196198
PRV57080,0,0,0.01,1,0.9946773817881543
PRV56560,1,1,1.0,1,0.9999999999999893
PRV54353,0,0,0.0033333333333333335,0,0.09779034619660336
PRV55734,0,0,0.056666666666666664,0,0.08792233155494746
PRV54275,0,0,0.005430247383326604,0,0.13229497517765595
PRV56550,1,1,0.9,1,0.9945986714918049
PRV54885,0,1,0.77,1,0.9511264309741635
PRV54201,0,0,0.0,0,0.16721008696265124
PRV52851,0,0,0.2833333333333333,0,0.268736578666593
PRV52221,0,0,0.005430247383326604,0,0.13229497517765595
PRV55185,0,0,0.45666666666666667,1,0.7387741466083292
PRV52882,0,0,0.0,0,0.11398784828686052
PRV55675,0,0,0.35,1,0.9996514401521793
PRV51296,0,0,0.22666666666666666,0,0.48513876041217174
PRV55302,0,0,0.005430247383326604,0,0.13229497517765595
PRV54019,0,0,0.0,0,0.10884358689444236
PRV55465,0,0,0.13666666666666666,0,0.34181599771882804
PRV57213,0,0,0.07,0,0.11014924750780085
PRV52783,0,0,0.005430247383326604,0,0.13229497517765595
PRV56120,0,0,0.010235315635990195,0,0.36332693097643864
PRV53066,0,0,0.005430247383326604,0,0.13229497517765595
PRV53779,0,0,0.0,0,0.09699277071546525
PRV53872,0,0,0.2866666666666667,1,0.5764081849975126
PRV56410,0,0,0.0033333333333333335,0,0.09970700922719755
PRV55815,0,0,0.0,0,0.19260565506696514
PRV55106,0,0,0.0,0,0.10778461514400199
PRV55318,0,0,0.0,0,0.1071808911233734
PRV51280,0,0,0.006666666666666667,0,0.09424893667749566
PRV56566,1,0,0.12666666666666668,0,0.17880028197249576
PRV57633,0,0,0.0033333333333333335,0,0.27901450331674205
PRV52775,0,0,0.0,0,0.2854002326433494
PRV57443,0,0,0.005430247383326604,0,0.13229497517765595
PRV55404,0,0,0.0,0,0.09561070046108605
PRV52094,0,1,0.5766666666666667,1,0.8868608974216278
PRV56521,0,0,0.0,0,0.10362072094458287
PRV52808,0,0,0.0,0,0.2911193405956851
PRV53229,0,0,0.08333333333333333,0,0.32474356165417684
PRV56945,0,0,0.01,0,0.12491239761054675
PRV55450,0,0,0.09333333333333334,0,0.3742981589343049
PRV51843,0,0,0.005430247383326604,0,0.13229497517765595
PRV53726,0,0,0.005430247383326604,0,0.13229497517765595
PRV56999,0,0,0.005430247383326604,0,0.13229497517765595
PRV53841,0,0,0.005430247383326604,0,0.13229497517765595
PRV55774,0,0,0.07217082663994963,0,0.4252639514934339
PRV55224,0,0,0.0,0,0.10239942529920058
PRV51727,0,0,0.005430247383326604,0,0.13229497517765595
PRV57184,0,0,0.02666666666666667,0,0.09298962036384964
PRV51773,0,0,0.0,0,0.10466116692616523
PRV55970,0,1,0.61,1,0.6695334972091848
PRV57340,0,1,0.5766666666666667,1,0.5771742692774954
PRV53320,0,0,0.0033333333333333335,0,0.10031920851468099
PRV55481,0,0,0.0,0,0.07320822673938798
PRV55463,0,0,0.0,0,0.10145468227072872
PRV53891,0,0,0.0,0,0.10245743783956776
PRV52155,0,0,0.01,0,0.288169240336671
PRV51776,0,0,0.0,0,0.09887067800045214
PRV54871,0,0,0.18333333333333332,0,0.0834653892424052
PRV52818,0,0,0.0,0,0.09611770871644605
PRV53708,0,0,0.0033333333333333335,0,0.09703548883300767
PRV53346,0,0,0.005430247383326604,0,0.13229497517765595
PRV51221,0,0,0.0,0,0.1059823658196198
PRV51922,0,0,0.005430247383326604,0,0.13229497517765595
PRV54217,0,0,0.0,0,0.10658014473721923
PRV56771,0,0,0.005430247383326604,0,0.13229497517765595
PRV55770,0,0,0.0,0,0.11398784828686052
PRV54748,0,0,0.06,0,0.09323753043254047
PRV53117,0,0,0.19666666666666666,1,0.5177388141339432
PRV51351,0,0,0.0,0,0.10479566964328985
PRV53581,0,0,0.0,0,0.10778461514400199
PRV56344,0,0,0.0,0,0.1030376263191437
PRV54635,0,0,0.0,0,0.05062301894386589
PRV55584,0,0,0.005430247383326604,0,0.13229497517765595
PRV56528,0,0,0.05218610633658653,0,0.09818704749062857
PRV52791,0,0,0.005430247383326604,0,0.13229497517765595
PRV54651,1,1,0.76,1,0.7819467599287926
PRV53785,0,0,0.0,0,0.09980263227984468
PRV55039,1,1,0.88,1,0.9999999950024372
PRV57759,0,0,0.0,0,0.10538754418788819
PRV54664,0,0,0.005430247383326604,0,0.13229497517765595
PRV53314,0,0,0.14333333333333334,1,0.77742037648371
PRV52787,0,0,0.006666666666666667,0,0.3692385770437903
PRV52120,1,1,0.9666666666666667,1,0.999999740661951
PRV57194,0,0,0.0,0,0.28709820696654925
PRV51274,0,0,0.30333333333333334,0,0.4866835329463533
PRV52669,0,0,0.005430247383326604,0,0.13229497517765595
PRV57748,0,0,0.006666666666666667,0,0.13483036692032502
PRV51629,0,0,0.32666666666666666,1,0.7426069462891359
PRV52757,0,0,0.005430247383326604,0,0.13229497517765595
PRV52656,0,0,0.43333333333333335,0,0.43682552954950327
PRV53326,0,0,0.02,0,0.10234183554645226
PRV52829,0,1,0.7766666666666666,1,0.8731103695471265
PRV56931,0,0,0.0,0,0.101284869664304
PRV55215,1,1,0.9333333333333333,1,0.9999999643526581
PRV52474,0,1,0.9133333333333333,1,0.918163133774615
PRV56739,0,0,0.0,0,0.3421591290650393
PRV52996,0,0,0.01,0,0.09432406784292714
PRV57311,0,0,0.14333333333333334,0,0.3371508776113715
PRV53843,0,0,0.0,0,0.1071808911233734
PRV54031,0,0,0.005430247383326604,0,0.13229497517765595
PRV55398,0,0,0.0,0,0.11398784828686052
PRV53724,0,0,0.005430247383326604,0,0.13229497517765595
PRV51914,0,0,0.005430247383326604,0,0.13229497517765595
PRV55208,0,0,0.17,0,0.2929273459557435
PRV57756,0,0,0.006666666666666667,0,0.11219735041228827
PRV56538,0,0,0.005430247383326604,0,0.13229497517765595
PRV52041,1,1,1.0,1,0.9586585067492988
PRV55984,0,0,0.08,0,0.09067099603010587
PRV52982,1,0,0.02,0,0.10348371810536132
PRV52113,0,0,0.0,0,0.09250314754158767
PRV56476,0,0,0.005430247383326604,0,0.13229497517765595
PRV55081,0,0,0.005430247383326604,0,0.13229497517765595
PRV52487,0,0,0.03,0,0.13545862742878903
PRV55353,0,0,0.005430247383326604,0,0.13229497517765595
PRV56091,0,0,0.005430247383326604,0,0.13229497517765595
PRV53323,0,0,0.0,0,0.10362072094458287
PRV57074,0,0,0.0013363796261038276,0,0.2977742308921298
PRV53521,0,0,0.005430247383326604,0,0.13229497517765595
PRV54578,0,0,0.02666666666666667,0,0.10171899526820796
PRV53373,0,0,0.005430247383326604,0,0.13229497517765595
PRV55238,0,0,0.01,0,0.09407876872652578
PRV56494,0,0,0.32666666666666666,1,0.5457934862077405
PRV54514,1,1,0.9633333333333334,1,0.9954235498481011
PRV54504,1,1,0.7333333333333333,1,0.9741388534415111
PRV56797,0,0,0.005430247383326604,0,0.13229497517765595
PRV57394,0,0,0.005430247383326604,0,0.13229497517765595
PRV56416,1,1,1.0,1,0.9999999999986409
PRV53044,0,0,0.0,0,0.10778461514400199
PRV54687,0,0,0.0,0,0.10538754418788819
PRV56086,0,0,0.0,0,0.1071808911233734
PRV52790,0,0,0.005430247383326604,0,0.13229497517765595
PRV53166,0,0,0.0,0,0.18337238751916077
PRV53924,0,0,0.005430247383326604,0,0.13229497517765595
PRV57036,0,0,0.03666666666666667,0,0.1503084125799909
PRV56582,0,0,0.005430247383326604,0,0.13229497517765595
PRV51988,0,0,0.0033333333333333335,0,0.12652737175654397
PRV56484,0,0,0.005430247383326604,0,0.13229497517765595
PRV54528,0,0,0.005430247383326604,0,0.13229497517765595
PRV56021,0,0,0.01,0,0.0984684380322412
PRV53294,0,0,0.22666666666666666,0,0.3750310079477236
PRV53562,0,0,0.0,0,0.11398784828686052
PRV55459,0,0,0.0,0,0.10012566035966887
PRV51314,0,0,0.0,0,0.09334492737444787
PRV55283,0,0,0.0033333333333333335,0,0.11072422197587659
PRV55736,0,0,0.15666666666666668,0,0.3421357447148026
PRV55248,0,0,0.0033333333333333335,0,0.13336742467901733
PRV52483,0,0,0.0,0,0.09934395899347297
PRV55695,0,0,0.0,0,0.09947023224674491
PRV54876,1,0,0.0,0,0.3322416234444162
PRV53797,1,1,0.9933333333333333,1,1.0
PRV55146,0,0,0.0,0,0.21530024754264135
PRV55437,1,1,0.7566666666666667,1,0.8525802694427536
PRV54938,0,0,0.013333333333333334,0,0.09706093143958332
PRV55614,0,0,0.0025275943702986682,0,0.09752386836350328
PRV54267,0,0,0.04,0,0.09590826842199346
PRV57239,0,0,0.0,0,0.10479566964328985
PRV51963,0,0,0.0,0,0.10479566964328985
PRV57303,0,1,0.55,0,0.4379615615238802
PRV55307,0,0,0.24666666666666667,0,0.10620248187535115
PRV53548,0,0,0.005430247383326604,0,0.13229497517765595
PRV55207,0,0,0.01,0,0.12078701774686597
PRV56268,1,1,0.79,1,0.9978718836314977
PRV56012,1,0,0.17,1,0.783817030029503
PRV52294,0,0,0.0,0,0.3133853484707335
PRV55856,0,0,0.0,0,0.09393131229960085
PRV54555,0,0,0.0,0,0.3322416234444162
PRV57672,1,0,0.006666666666666667,0,0.12465935266478796
PRV51487,0,0,0.0,0,0.1071808911233734
PRV55329,0,0,0.005430247383326604,0,0.13229497517765595
PRV54946,0,0,0.0,0,0.09646818278008543
PRV54573,0,0,0.0,0,0.09714720991005181
PRV52394,0,0,0.12,0,0.28135416281662057
PRV52905,0,0,0.016666666666666666,0,0.0969210490960768
PRV57421,0,0,0.01166843231308337,0,0.09621881539507167
PRV57447,0,0,0.0,0,0.12049987407951672
PRV54875,1,0,0.33,1,0.6333613430039641
PRV53628,0,0,0.25,0,0.283059080452481
PRV53894,1,1,0.9366666666666666,1,0.8658791141205551
PRV57232,0,0,0.0,0,0.10420673197175472
PRV56551,0,0,0.0,0,0.12733046159620787
PRV54714,0,0,0.005430247383326604,0,0.13229497517765595
PRV56580,0,0,0.01,0,0.15222172494143701
PRV54608,0,0,0.005430247383326604,0,0.13229497517765595
PRV57715,0,1,0.8766666666666667,1,0.9994955087229247
PRV54245,0,1,0.63,1,0.7401802771052092
PRV54559,0,1,0.5766666666666667,1,0.7943907675019867
PRV54142,0,0,0.013333333333333334,0,0.06086680745126551
PRV55515,0,0,0.30666666666666664,0,0.14687178491604141
PRV55132,0,0,0.0033333333333333335,0,0.31721967784573324
PRV51239,0,0,0.005430247383326604,0,0.13229497517765595
PRV53289,0,0,0.2633333333333333,0,0.25198743304302124
PRV53671,1,1,0.5866666666666667,1,0.847745965377453
PRV51117,0,0,0.005430247383326604,0,0.13229497517765595
PRV52380,0,0,0.0,0,0.10778461514400199
PRV55425,0,0,0.09,0,0.08232731797981706
PRV53723,0,0,0.005430247383326604,0,0.13229497517765595
PRV52876,0,0,0.43,1,0.553271099448257
PRV54945,0,0,0.005430247383326604,0,0.13229497517765595
PRV54836,0,0,0.0033333333333333335,0,0.10959543914225678
PRV51838,0,0,0.21,0,0.13684938977929637
PRV57217,0,0,0.2833333333333333,1,0.5733066228933671
PRV55300,0,0,0.0033333333333333335,0,0.0989828198709359
PRV57570,0,0,0.0,0,0.12049987407951672
PRV54319,0,0,0.005430247383326604,0,0.13229497517765595
PRV56563,0,0,0.41333333333333333,0,0.4951749691095995
PRV53172,0,0,0.005430247383326604,0,0.13229497517765595
PRV56946,0,0,0.005430247383326604,0,0.13229497517765595
PRV53689,0,0,0.03,0,0.4458996721939723
PRV55480,0,0,0.005430247383326604,0,0.13229497517765595
PRV53808,1,1,1.0,1,0.9999999158352866
PRV53337,0,0,0.005430247383326604,0,0.13229497517765595
PRV54258,1,1,1.0,1,0.9999674272820972
PRV56216,0,0,0.27666666666666667,0,0.40772202563995213
PRV52798,0,0,0.0,0,0.09887067800045214
PRV53511,0,0,0.00011964685981443403,0,0.11296923252759845
PRV54389,0,0,0.006666666666666667,0,0.09731714693571712
PRV56115,0,0,0.0,0,0.11398784828686052
PRV57125,0,0,0.043333333333333335,0,0.12661292496269852
PRV52859,0,1,0.55,1,0.9387410121415415
PRV51467,0,0,0.3344279909706546,0,0.48041850826488025
PRV51327,0,0,0.005430247383326604,0,0.13229497517765595
PRV53686,0,0,0.23333333333333334,0,0.09432577398199533
PRV57010,0,0,0.0,0,0.09519268816052394
PRV52495,0,0,0.060730549967469113,0,0.41270734314945823
PRV57712,0,0,0.0,0,0.10362072094458287
PRV54819,0,0,0.24,1,0.7595022192850689
PRV52079,0,0,0.16666666666666666,1,0.6704821638162618
PRV52257,0,0,0.0,0,0.10860743132027394
PRV52008,0,0,0.0,0,0.11209218505538968
PRV54780,0,0,0.005430247383326604,0,0.13229497517765595
PRV54511,0,0,0.0,0,0.096269925186564
PRV57437,0,0,0.12333333333333334,0,0.40951494182935
PRV55366,0,0,0.0,0,0.10659801828983012
PRV53927,0,0,0.0,0,0.1071808911233734
PRV56930,0,0,0.01,0,0.09925590551285068
PRV57490,0,0,0.08666666666666667,1,0.5166537790775788
PRV52793,0,0,0.005430247383326604,0,0.13229497517765595
PRV54581,0,0,0.0,0,0.10778461514400199
PRV57197,0,0,0.17333333333333334,1,0.5853120494950174
PRV51176,0,0,0.02666666666666667,0,0.13815962644627822
PRV56212,0,0,0.0033333333333333335,0,0.47509800229249943
PRV54502,0,0,0.40048576107174355,1,0.5139489122411477
PRV56156,0,0,0.31333333333333335,0,0.28504933985448166
PRV53606,0,0,0.013333333333333334,0,0.09428193401664037
PRV54113,0,0,0.005430247383326604,0,0.13229497517765595
PRV52555,0,0,0.0033333333333333335,0,0.47509800229249943
PRV53469,0,0,0.0,0,0.11398784828686052
PRV53173,0,0,0.0,0,0.10420531737690832
PRV51236,0,0,0.0,0,0.3715037616087409
PRV51896,0,0,0.005430247383326604,0,0.13229497517765595
PRV57182,0,0,0.2,1,0.595631094790233
PRV55921,0,0,0.0,0,0.10362072094458287
PRV56231,1,1,0.7766666666666666,1,0.8654423198525523
PRV55702,0,0,0.0,0,0.10658014473721923
PRV51061,0,0,0.016666666666666666,0,0.09360047782708884
PRV53560,0,0,0.005430247383326604,0,0.13229497517765595
PRV53369,0,0,0.005430247383326604,0,0.13229497517765595
PRV57053,0,0,0.32,0,0.13495345341391937
PRV56308,0,0,0.0,0,0.10479566964328985
PRV52129,0,0,0.016666666666666666,0,0.2639167394096218
PRV53910,0,1,0.8933333333333333,1,0.761817056238055
PRV54505,1,0,0.43666666666666665,0,0.43859504624753637
PRV56689,1,1,0.9966666666666667,1,0.9920517286524522
PRV55364,0,0,0.005430247383326604,0,0.13229497517765595
PRV56119,0,1,0.7191616566960594,0,0.41593152802576777
PRV55539,0,0,0.0,0,0.1030376263191437
PRV54675,1,0,0.5,1,0.966826733761892
PRV52688,0,0,0.01,1,0.9946773817881543
PRV51552,0,0,0.06666666666666667,0,0.41212125663352367
PRV55789,0,0,0.005430247383326604,0,0.13229497517765595
PRV52390,0,0,0.0,0,0.09822121021511303
PRV56200,0,0,0.0033333333333333335,0,0.09701434859316031
PRV54865,0,0,0.005430247383326604,0,0.13229497517765595
PRV52756,0,0,0.005430247383326604,0,0.13229497517765595
PRV53911,1,1,0.6666666666666666,1,0.8283864409731382
PRV51479,0,1,0.59,0,0.4975149957271212
PRV55644,0,0,0.0,0,0.11398784828686052
PRV56044,0,0,0.48,1,0.9153705819054695
PRV56926,0,0,0.005430247383326604,0,0.13229497517765595
PRV55265,0,0,0.0,0,0.2180841879791047
PRV53722,0,0,0.005430247383326604,0,0.13229497517765595
PRV51194,0,0,0.006463520231707713,0,0.1714653708840092
PRV57277,0,0,0.005430247383326604,0,0.13229497517765595
PRV51733,0,0,0.005430247383326604,0,0.13229497517765595
PRV53697,0,1,0.8666666666666667,1,0.9986060170094906
PRV53431,0,0,0.013333333333333334,1,0.6483688396776665
PRV53213,0,0,0.005430247383326604,0,0.13229497517765595
PRV55363,0,0,0.0033333333333333335,0,0.08812007718712767
PRV56114,0,0,0.0033333333333333335,0,0.09700402792535609
PRV56346,0,0,0.0,0,0.12049987407951672
PRV52761,0,0,0.005430247383326604,0,0.13229497517765595
PRV54975,0,0,0.006666666666666667,0,0.10755233468681259
PRV52359,0,0,0.37,1,0.9532185462662892
PRV55218,0,0,0.023333333333333334,0,0.09506345725347948
PRV51330,0,0,0.0,0,0.12733046159620787
PRV51704,0,0,0.005430247383326604,0,0.13229497517765595
PRV57094,0,0,0.06043102900825645,1,0.5607677821821143
PRV56313,0,0,0.0,0,0.10245743783956776
PRV56729,0,0,0.006666666666666667,0,0.1104950047154574
PRV56247,0,0,0.0,0,0.22037722534900706
PRV57561,0,0,0.0033333333333333335,0,0.10496416171343734
PRV52766,0,0,0.005430247383326604,0,0.13229497517765595
PRV56918,1,0,0.07666666666666666,1,0.7185135264549558
